,ts_code,name,count,exchange,list_date,type
0,700301.TI,能源(A股),,A,,I
1,700302.TI,原材料(A股),,A,,I
2,700303.TI,工业(A股),,A,,I
3,700304.TI,非日常生活消费品(A股),,A,,I
4,700305.TI,日常消费品(A股),,A,,I
5,700306.TI,医疗保健(A股),,A,,I
6,700307.TI,金融(A股),,A,,I
7,700308.TI,信息技术(A股),,A,,I
8,700309.TI,通讯业务(A股),,A,,I
9,700310.TI,公用事业(A股),,A,,I
10,700311.TI,房地产(A股),,A,,I
11,700320.TI,能源Ⅱ(A股),,A,,I
12,700321.TI,原材料Ⅱ(A股),,A,,I
13,700322.TI,资本品(A股),,A,,I
14,700323.TI,商业和专业服务(A股),,A,,I
15,700324.TI,运输(A股),,A,,I
16,700325.TI,汽车与汽车零部件(A股),,A,,I
17,700326.TI,耐用消费品与服装(A股),,A,,I
18,700327.TI,消费者服务(A股),,A,,I
19,700328.TI,非必需消费品分销和零售(A股),,A,,I
20,700329.TI,日常消费品分销和零售Ⅱ(A股),,A,,I
21,700330.TI,食品、饮料与烟草(A股),,A,,I
22,700331.TI,家庭与个人用品(A股),,A,,I
23,700332.TI,医疗保健设备与服务(A股),,A,,I
24,700333.TI,制药、生物科技和生命科学(A股),,A,,I
25,700334.TI,银行(A股),,A,,I
26,700335.TI,金融服务Ⅱ(A股),,A,,I
27,700336.TI,保险Ⅱ(A股),,A,,I
28,700337.TI,软件与服务(A股),,A,,I
29,700338.TI,技术硬件与设备(A股),,A,,I
30,700339.TI,半导体产品与设备Ⅱ(A股),,A,,I
31,700340.TI,电信业务(A股),,A,,I
32,700341.TI,媒体与娱乐(A股),,A,,I
33,700342.TI,公用事业Ⅱ(A股),,A,,I
34,700343.TI,权益型房地产投资信托(REIT)(A股),,A,,I
35,700344.TI,房地产管理和开发Ⅱ(A股),,A,,I
36,700360.TI,能源设备与服务(A股),,A,,I
37,700361.TI,石油、天然气与消费用燃料(A股),,A,,I
38,700362.TI,化学制品(A股),,A,,I
39,700363.TI,建筑材料Ⅲ(A股),,A,,I
40,700364.TI,容器与包装(A股),,A,,I
41,700365.TI,金属与采矿(A股),,A,,I
42,700366.TI,纸类与林业产品(A股),,A,,I
43,700367.TI,航空航天与国防(A股),,A,,I
44,700368.TI,建筑产品Ⅲ(A股),,A,,I
45,700369.TI,建筑与工程Ⅲ(A股),,A,,I
46,700370.TI,电气设备(A股),,A,,I
47,700371.TI,工业集团企业Ⅲ(A股),,A,,I
48,700372.TI,机械制造(A股),,A,,I
49,700373.TI,贸易公司与经销商Ⅲ(A股),,A,,I
50,700374.TI,商业服务与商业用品(A股),,A,,I
51,700375.TI,专业服务(A股),,A,,I
52,700376.TI,航空货运与物流Ⅲ(A股),,A,,I
53,700377.TI,客运航空公司Ⅲ(A股),,A,,I
54,700378.TI,海上运输Ⅲ(A股),,A,,I
55,700379.TI,地面运输(A股),,A,,I
56,700380.TI,交通基本设施(A股),,A,,I
57,700381.TI,汽车零部件(A股),,A,,I
58,700382.TI,汽车(A股),,A,,I
59,700383.TI,家庭耐用消费品(A股),,A,,I
60,700384.TI,休闲设备与用品(A股),,A,,I
61,700385.TI,纺织品、服装与奢侈品(A股),,A,,I
62,700386.TI,酒店、餐馆与休闲(A股),,A,,I
63,700387.TI,综合消费者服务(A股),,A,,I
64,700388.TI,经销商Ⅲ(A股),,A,,I
65,700389.TI,多品类零售Ⅲ(A股),,A,,I
66,700390.TI,专营零售(A股),,A,,I
67,700391.TI,日常消费品分销和零售Ⅲ(A股),,A,,I
68,700392.TI,饮料(A股),,A,,I
69,700393.TI,食品(A股),,A,,I
70,700394.TI,居家用品Ⅲ(A股),,A,,I
71,700395.TI,个人护理用品Ⅲ(A股),,A,,I
72,700396.TI,医疗保健设备与用品(A股),,A,,I
73,700397.TI,医疗保健提供商与服务(A股),,A,,I
74,700398.TI,医疗保健技术Ⅲ(A股),,A,,I
75,700399.TI,生物科技Ⅲ(A股),,A,,I
76,700400.TI,制药Ⅲ(A股),,A,,I
77,700401.TI,生命科学工具和服务Ⅲ(A股),,A,,I
78,700402.TI,商业银行(A股),,A,,I
79,700403.TI,金融服务Ⅲ(A股),,A,,I
80,700404.TI,消费信贷Ⅲ(A股),,A,,I
81,700405.TI,资本市场(A股),,A,,I
82,700406.TI,保险Ⅲ(A股),,A,,I
83,700407.TI,信息技术服务(A股),,A,,I
84,700408.TI,软件(A股),,A,,I
85,700409.TI,通信设备Ⅲ(A股),,A,,I
86,700410.TI,电脑与外围设备(A股),,A,,I
87,700411.TI,电子设备、仪器和元件(A股),,A,,I
88,700412.TI,半导体产品与设备Ⅲ(A股),,A,,I
89,700413.TI,综合电信业务Ⅲ(A股),,A,,I
90,700414.TI,无线电信业务Ⅲ(A股),,A,,I
91,700415.TI,媒体(A股),,A,,I
92,700416.TI,娱乐(A股),,A,,I
93,700417.TI,互动媒体与服务Ⅲ(A股),,A,,I
94,700418.TI,电力公用事业Ⅲ(A股),,A,,I
95,700419.TI,燃气公用事业Ⅲ(A股),,A,,I
96,700420.TI,复合型公用事业Ⅲ(A股),,A,,I
97,700421.TI,水公用事业Ⅲ(A股),,A,,I
98,700422.TI,独立电力生产商与能源贸易商Ⅲ(A股),,A,,I
99,700423.TI,多元化房地产投资信托(A股),,A,,I
100,700424.TI,工业房地产投资信托(A股),,A,,I
101,700425.TI,房地产管理和开发Ⅲ(A股),,A,,I
102,700450.TI,石油与天然气钻井(A股),,A,,I
103,700451.TI,石油天然气设备与服务(A股),,A,,I
104,700452.TI,综合性石油与天然气企业(A股),,A,,I
105,700453.TI,石油与天然气的勘探与生产(A股),,A,,I
106,700454.TI,石油与天然气的炼制和营销(A股),,A,,I
107,700455.TI,石油与天然气的储存和运输(A股),,A,,I
108,700456.TI,煤与消费用燃料(A股),,A,,I
109,700457.TI,商品化工(A股),,A,,I
110,700458.TI,多种化学制品(A股),,A,,I
111,700459.TI,化肥与农用药剂(A股),,A,,I
112,700460.TI,工业气体(A股),,A,,I
113,700461.TI,特种化学制品(A股),,A,,I
114,700462.TI,建筑材料Ⅳ(A股),,A,,I
115,700463.TI,金属、玻璃和塑料容器(A股),,A,,I
116,700464.TI,纸和塑料包装产品和材料(A股),,A,,I
117,700465.TI,铝(A股),,A,,I
118,700466.TI,多种金属与采矿(A股),,A,,I
119,700467.TI,黄金(A股),,A,,I
120,700468.TI,贵重金属与矿石(A股),,A,,I
121,700469.TI,白银(A股),,A,,I
122,700470.TI,钢铁(A股),,A,,I
123,700471.TI,铜(A股),,A,,I
124,700472.TI,林业产品(A股),,A,,I
125,700473.TI,纸制品(A股),,A,,I
126,700474.TI,航天航空与国防(A股),,A,,I
127,700475.TI,建筑产品Ⅳ(A股),,A,,I
128,700476.TI,建筑与工程Ⅳ(A股),,A,,I
129,700477.TI,电气部件与设备(A股),,A,,I
130,700478.TI,重型电气设备(A股),,A,,I
131,700479.TI,工业集团企业Ⅳ(A股),,A,,I
132,700480.TI,建筑机械和重型运输设备(A股),,A,,I
133,700481.TI,农用农业机械(A股),,A,,I
134,700482.TI,工业机械和用品及零部件(A股),,A,,I
135,700483.TI,贸易公司与经销商Ⅳ(A股),,A,,I
136,700484.TI,商业印刷(A股),,A,,I
137,700485.TI,环境与设施服务(A股),,A,,I
138,700486.TI,办公服务与用品(A股),,A,,I
139,700487.TI,综合支持服务(A股),,A,,I
140,700488.TI,安全和报警服务(A股),,A,,I
141,700489.TI,人力资源与就业服务(A股),,A,,I
142,700490.TI,调查和咨询服务(A股),,A,,I
143,700491.TI,数据处理和外包服务(A股),,A,,I
144,700492.TI,航空货运与物流Ⅳ(A股),,A,,I
145,700493.TI,客运航空公司Ⅳ(A股),,A,,I
146,700494.TI,海上运输Ⅳ(A股),,A,,I
147,700495.TI,铁路运输(A股),,A,,I
148,700496.TI,地面货运(A股),,A,,I
149,700497.TI,地面客运(A股),,A,,I
150,700498.TI,机场服务(A股),,A,,I
151,700499.TI,公路与铁路(A股),,A,,I
152,700500.TI,海港与服务(A股),,A,,I
153,700501.TI,汽车零件与设备(A股),,A,,I
154,700502.TI,轮胎与橡胶(A股),,A,,I
155,700503.TI,汽车制造商(A股),,A,,I
156,700504.TI,摩托车制造商(A股),,A,,I
157,700505.TI,消费电子产品(A股),,A,,I
158,700506.TI,家庭装饰品(A股),,A,,I
159,700507.TI,住宅建筑(A股),,A,,I
160,700508.TI,家用电器(A股),,A,,I
161,700509.TI,家用器具与特殊消费品(A股),,A,,I
162,700510.TI,消闲用品(A股),,A,,I
163,700511.TI,服装、服饰与奢侈品(A股),,A,,I
164,700512.TI,鞋类(A股),,A,,I
165,700513.TI,纺织品(A股),,A,,I
166,700514.TI,酒店、度假村与豪华游轮(A股),,A,,I
167,700515.TI,消闲设施(A股),,A,,I
168,700516.TI,餐馆(A股),,A,,I
169,700517.TI,教育服务(A股),,A,,I
170,700518.TI,特殊消费者服务(A股),,A,,I
171,700519.TI,经销商Ⅳ(A股),,A,,I
172,700520.TI,多品类零售Ⅳ(A股),,A,,I
173,700521.TI,服装零售(A股),,A,,I
174,700522.TI,电脑与电子产品零售(A股),,A,,I
175,700523.TI,其他专卖店(A股),,A,,I
176,700524.TI,汽车零售(A股),,A,,I
177,700525.TI,家庭装饰零售(A股),,A,,I
178,700526.TI,药品零售(A股),,A,,I
179,700527.TI,食品分销商(A股),,A,,I
180,700528.TI,食品零售(A股),,A,,I
181,700529.TI,日常消费品零售(A股),,A,,I
182,700530.TI,啤酒酿造商(A股),,A,,I
183,700531.TI,酿酒商与葡萄酒商(A股),,A,,I
184,700532.TI,软饮料与不含酒精饮料(A股),,A,,I
185,700533.TI,农产品与服务(A股),,A,,I
186,700534.TI,包装食品与肉类(A股),,A,,I
187,700535.TI,居家用品Ⅳ(A股),,A,,I
188,700536.TI,个人护理用品Ⅳ(A股),,A,,I
189,700537.TI,医疗保健设备(A股),,A,,I
190,700538.TI,医疗保健用品(A股),,A,,I
191,700539.TI,保健护理产品经销商(A股),,A,,I
192,700540.TI,保健护理服务(A股),,A,,I
193,700541.TI,保健护理机构(A股),,A,,I
194,700542.TI,管理型保健护理(A股),,A,,I
195,700543.TI,医疗保健技术Ⅳ(A股),,A,,I
196,700544.TI,生物科技Ⅳ(A股),,A,,I
197,700545.TI,制药Ⅳ(A股),,A,,I
198,700546.TI,生命科学工具和服务Ⅳ(A股),,A,,I
199,700547.TI,综合性银行(A股),,A,,I
200,700548.TI,区域性银行(A股),,A,,I
201,700549.TI,综合金融服务(A股),,A,,I
202,700550.TI,多领域控股(A股),,A,,I
203,700551.TI,特殊金融服务(A股),,A,,I
204,700552.TI,消费信贷Ⅳ(A股),,A,,I
205,700553.TI,资产管理与托管银行(A股),,A,,I
206,700554.TI,投资银行业与经纪业(A股),,A,,I
207,700555.TI,综合性资本市场(A股),,A,,I
208,700556.TI,人寿与健康保险(A股),,A,,I
209,700557.TI,多元化保险(A股),,A,,I
210,700558.TI,财产与意外伤害保险(A股),,A,,I
211,700559.TI,信息科技咨询与其它服务(A股),,A,,I
212,700560.TI,互联网服务和基础设施(A股),,A,,I
213,700561.TI,应用软件(A股),,A,,I
214,700562.TI,系统软件(A股),,A,,I
215,700563.TI,通信设备Ⅳ(A股),,A,,I
216,700564.TI,电脑硬件、储存设备及电脑周边(A股),,A,,I
217,700565.TI,电子设备和仪器(A股),,A,,I
218,700566.TI,电子元件(A股),,A,,I
219,700567.TI,电子制造服务(A股),,A,,I
220,700568.TI,技术产品经销商(A股),,A,,I
221,700569.TI,半导体材料与设备(A股),,A,,I
222,700570.TI,半导体产品(A股),,A,,I
223,700571.TI,非传统电信运营商(A股),,A,,I
224,700572.TI,综合电信业务Ⅳ(A股),,A,,I
225,700573.TI,无线电信业务Ⅳ(A股),,A,,I
226,700574.TI,广告(A股),,A,,I
227,700575.TI,广播(A股),,A,,I
228,700576.TI,有线和卫星电视(A股),,A,,I
229,700577.TI,出版(A股),,A,,I
230,700578.TI,电影和娱乐(A股),,A,,I
231,700579.TI,互动家庭娱乐(A股),,A,,I
232,700580.TI,互动媒体与服务Ⅳ(A股),,A,,I
233,700581.TI,电力公用事业Ⅳ(A股),,A,,I
234,700582.TI,燃气公用事业Ⅳ(A股),,A,,I
235,700583.TI,复合型公用事业Ⅳ(A股),,A,,I
236,700584.TI,水公用事业Ⅳ(A股),,A,,I
237,700585.TI,独立电力生产商与能源贸易商Ⅳ(A股),,A,,I
238,700586.TI,新能源发电业者(A股),,A,,I
239,700587.TI,多样化房地产投资信托(A股),,A,,I
240,700588.TI,工业房地产投资信托(A股),,A,,I
241,700589.TI,多样化房地产活动(A股),,A,,I
242,700590.TI,房地产经营公司(A股),,A,,I
243,700591.TI,房地产开发(A股),,A,,I
244,700592.TI,房地产服务(A股),,A,,I
245,881101.TI,种植业与林业,24.0,A,20070801,I
246,881102.TI,养殖业,27.0,A,20070801,I
247,881103.TI,农产品加工,40.0,A,20070801,I
248,881105.TI,煤炭开采加工,35.0,A,20070801,I
249,881107.TI,油气开采及服务,20.0,A,20070801,I
250,881108.TI,化学原料,59.0,A,20070801,I
251,881109.TI,化学制品,221.0,A,20070801,I
252,881112.TI,钢铁,47.0,A,20070801,I
253,881114.TI,金属新材料,25.0,A,20070801,I
254,881115.TI,建筑材料,76.0,A,20070801,I
255,881116.TI,建筑装饰,155.0,A,20070801,I
256,881117.TI,通用设备,174.0,A,20070801,I
257,881118.TI,专用设备,200.0,A,20070801,I
258,881121.TI,半导体,193.0,A,20070801,I
259,881122.TI,光学光电子,104.0,A,20070801,I
260,881123.TI,其他电子,36.0,A,20070801,I
261,881124.TI,消费电子,98.0,A,20070801,I
262,881125.TI,汽车整车,24.0,A,20070801,I
263,881126.TI,汽车零部件,225.0,A,20070801,I
264,881128.TI,汽车服务及其他,13.0,A,20070801,I
265,881129.TI,通信设备,86.0,A,20070801,I
266,881130.TI,计算机设备,81.0,A,20070801,I
267,881131.TI,白色家电,35.0,A,20070801,I
268,881132.TI,黑色家电,10.0,A,20070801,I
269,881133.TI,饮料制造,47.0,A,20070801,I
270,881134.TI,食品加工制造,82.0,A,20070801,I
271,881135.TI,纺织制造,34.0,A,20070801,I
272,881136.TI,服装家纺,62.0,A,20070801,I
273,881137.TI,造纸,23.0,A,20070801,I
274,881138.TI,包装印刷,47.0,A,20070801,I
275,881139.TI,家居用品,108.0,A,20070801,I
276,881140.TI,化学制药,155.0,A,20070801,I
277,881141.TI,中药,75.0,A,20070801,I
278,881142.TI,生物制品,54.0,A,20070801,I
279,881143.TI,医药商业,31.0,A,20070801,I
280,881144.TI,医疗器械,123.0,A,20070801,I
281,881145.TI,电力,94.0,A,20070801,I
282,881146.TI,燃气,29.0,A,20070801,I
283,881148.TI,港口航运,36.0,A,20070801,I
284,881149.TI,公路铁路运输,33.0,A,20070801,I
285,881151.TI,机场航运,13.0,A,20070801,I
286,881152.TI,物流,47.0,A,20070801,I
287,881153.TI,房地产,101.0,A,20070801,I
288,881155.TI,银行,42.0,A,20070801,I
289,881156.TI,保险,38.0,A,20070801,I
290,881157.TI,证券,50.0,A,20070801,I
291,881158.TI,零售,71.0,A,20070801,I
292,881159.TI,贸易,15.0,A,20070801,I
293,881160.TI,旅游及酒店,21.0,A,20070801,I
294,881162.TI,通信服务,38.0,A,20070801,I
295,881164.TI,文化传媒,135.0,A,20070801,I
296,881165.TI,综合,25.0,A,20070801,I
297,881166.TI,军工装备,138.0,A,20150105,I
298,881167.TI,非金属材料,12.0,A,20210730,I
299,881168.TI,工业金属,63.0,A,20210730,I
300,881169.TI,贵金属,11.0,A,20210730,I
301,881170.TI,小金属,41.0,A,20210730,I
302,881171.TI,自动化设备,86.0,A,20210730,I
303,881172.TI,电子化学品,33.0,A,20210730,I
304,881173.TI,小家电,25.0,A,20210730,I
305,881174.TI,厨卫电器,9.0,A,20210730,I
306,881175.TI,医疗服务,49.0,A,20210730,I
307,881177.TI,互联网电商,21.0,A,20210730,I
308,881178.TI,教育,19.0,A,20210730,I
309,881179.TI,其他社会服务,33.0,A,20210730,I
310,881180.TI,石油加工贸易,27.0,A,20210730,I
311,881181.TI,环境治理,141.0,A,20210730,I
312,881182.TI,美容护理,30.0,A,20210730,I
313,881263.TI,农化制品,,A,20240629,I
314,881264.TI,化学纤维,,A,20240629,I
315,881265.TI,塑料制品,,A,20240629,I
316,881266.TI,橡胶制品,,A,20240629,I
317,881267.TI,能源金属,,A,20240629,I
318,881268.TI,工程机械,,A,20240629,I
319,881269.TI,轨交设备,,A,20240629,I
320,881270.TI,元件,,A,20240629,I
321,881271.TI,IT服务,,A,20240629,I
322,881272.TI,软件开发,,A,20240629,I
323,881273.TI,白酒,,A,20240629,I
324,881274.TI,影视院线,,A,20240629,I
325,881275.TI,游戏,,A,20240629,I
326,881276.TI,军工电子,,A,20240629,I
327,881277.TI,电机,,A,20240629,I
328,881278.TI,电网设备,,A,20240629,I
329,881279.TI,光伏设备,,A,20240629,I
330,881280.TI,风电设备,,A,20240629,I
331,881281.TI,电池,,A,20240629,I
332,881282.TI,其他电源设备,,A,20240629,I
333,881283.TI,多元金融,,A,20240629,I
334,881284.TI,环保设备,,A,20240629,I
335,884001.TI,种子生产,9.0,A,20181030,I
336,884002.TI,粮食种植,2.0,A,20181030,I
337,884003.TI,其他种植业,9.0,A,20181030,I
338,884004.TI,林业,4.0,A,20181030,I
339,884005.TI,海洋捕捞,2.0,A,20181030,I
340,884006.TI,水产养殖,4.0,A,20181030,I
341,884009.TI,果蔬加工,5.0,A,20181030,I
342,884010.TI,粮油加工,7.0,A,20181030,I
343,884011.TI,其他农产品加工,11.0,A,20181030,I
344,884012.TI,农业综合,3.0,A,20181030,I
345,884013.TI,动物保健,13.0,A,20181030,I
346,884014.TI,煤炭开采,27.0,A,20181030,I
347,884015.TI,焦炭加工,8.0,A,20181030,I
348,884016.TI,油气开采,7.0,A,20181030,I
349,884018.TI,油服工程,13.0,A,20181030,I
350,884020.TI,石油加工,21.0,A,20181030,I
351,884021.TI,油品石化贸易,6.0,A,20181030,I
352,884022.TI,纯碱,4.0,A,20181030,I
353,884023.TI,氯碱,16.0,A,20181030,I
354,884024.TI,无机盐,10.0,A,20181030,I
355,884025.TI,其他化学原料,24.0,A,20181030,I
356,884026.TI,氮肥,5.0,A,20181030,I
357,884027.TI,磷肥及磷化工,10.0,A,20181030,I
358,884028.TI,农药,31.0,A,20181030,I
359,884030.TI,涂料油墨,14.0,A,20181030,I
360,884031.TI,钾肥,4.0,A,20181030,I
361,884032.TI,民爆用品,11.0,A,20181030,I
362,884033.TI,纺织化学用品,13.0,A,20181030,I
363,884034.TI,其他化学制品,72.0,A,20181030,I
364,884035.TI,复合肥,8.0,A,20181030,I
365,884036.TI,氟化工,9.0,A,20181030,I
366,884039.TI,聚氨酯,11.0,A,20181030,I
367,884041.TI,涤纶,10.0,A,20181030,I
368,884043.TI,粘胶,2.0,A,20181030,I
369,884044.TI,其他纤维,9.0,A,20181030,I
370,884045.TI,氨纶,3.0,A,20181030,I
371,884046.TI,其他塑料制品,18.0,A,20181030,I
372,884048.TI,改性塑料,18.0,A,20181030,I
373,884050.TI,其他橡胶制品,13.0,A,20181030,I
374,884051.TI,炭黑,6.0,A,20181030,I
375,884052.TI,普钢,24.0,A,20181030,I
376,884053.TI,铝,32.0,A,20181030,I
377,884054.TI,铜,17.0,A,20181030,I
378,884055.TI,铅锌,14.0,A,20181030,I
379,884056.TI,其他金属新材料,14.0,A,20181030,I
380,884057.TI,磁性材料,11.0,A,20181030,I
381,884058.TI,非金属材料Ⅲ,,A,20240629,I
382,884059.TI,玻璃玻纤,13.0,A,20181030,I
383,884060.TI,水泥,24.0,A,20181030,I
384,884062.TI,其他建材,24.0,A,20181030,I
385,884063.TI,耐火材料,7.0,A,20181030,I
386,884064.TI,管材,8.0,A,20181030,I
387,884065.TI,装饰园林,43.0,A,20181030,I
388,884066.TI,房屋建设,8.0,A,20181030,I
389,884067.TI,基础建设,26.0,A,20181030,I
390,884068.TI,专业工程,35.0,A,20181030,I
391,884069.TI,机床工具,20.0,A,20181030,I
392,884071.TI,磨具磨料,14.0,A,20181030,I
393,884073.TI,制冷空调设备,14.0,A,20181030,I
394,884074.TI,其他通用设备,58.0,A,20181030,I
395,884075.TI,金属制品,68.0,A,20181030,I
396,884076.TI,纺织服装设备,12.0,A,20181030,I
397,884077.TI,工程机械Ⅲ,28.0,A,20181030,I
398,884078.TI,农用机械,9.0,A,20181030,I
399,884080.TI,能源及重型设备,48.0,A,20181030,I
400,884081.TI,印刷包装机械,12.0,A,20181030,I
401,884082.TI,其他专用设备,78.0,A,20181030,I
402,884083.TI,楼宇设备,13.0,A,20181030,I
403,884084.TI,环保设备Ⅲ,27.0,A,20181030,I
404,884085.TI,电机Ⅲ,20.0,A,20181030,I
405,884086.TI,电气自控设备,36.0,A,20181030,I
406,884088.TI,输变电设备,51.0,A,20181030,I
407,884089.TI,线缆部件及其他,36.0,A,20181030,I
408,884090.TI,分立器件,16.0,A,20181030,I
409,884091.TI,半导体材料,16.0,A,20181030,I
410,884092.TI,印制电路板,40.0,A,20181030,I
411,884093.TI,被动元件,13.0,A,20181030,I
412,884094.TI,面板,42.0,A,20181030,I
413,884095.TI,LED,41.0,A,20181030,I
414,884096.TI,光学元件,21.0,A,20181030,I
415,884098.TI,消费电子零部件及组装,90.0,A,20181030,I
416,884099.TI,乘用车,9.0,A,20181030,I
417,884100.TI,商用载货车,9.0,A,20181030,I
418,884101.TI,商用载客车,6.0,A,20181030,I
419,884105.TI,轨交设备Ⅲ,30.0,A,20181030,I
420,884106.TI,其他运输设备,16.0,A,20181030,I
421,884107.TI,汽车服务,,A,20240629,I
422,884112.TI,冰洗,5.0,A,20181030,I
423,884113.TI,空调,4.0,A,20181030,I
424,884115.TI,小家电Ⅲ,,A,20240629,I
425,884116.TI,家电零部件,26.0,A,20181030,I
426,884117.TI,彩电,4.0,A,20181030,I
427,884118.TI,其他黑色家电,6.0,A,20181030,I
428,884119.TI,其他酒类,9.0,A,20181030,I
429,884120.TI,软饮料,11.0,A,20181030,I
430,884123.TI,肉制品,9.0,A,20181030,I
431,884124.TI,调味发酵品,15.0,A,20181030,I
432,884125.TI,乳品,18.0,A,20181030,I
433,884126.TI,其他食品,19.0,A,20181030,I
434,884128.TI,棉纺,8.0,A,20181030,I
435,884130.TI,印染,4.0,A,20181030,I
436,884131.TI,辅料,3.0,A,20181030,I
437,884132.TI,其他纺织,19.0,A,20181030,I
438,884136.TI,鞋帽及其他,16.0,A,20181030,I
439,884137.TI,家纺,7.0,A,20181030,I
440,884140.TI,其他家居用品,32.0,A,20181030,I
441,884141.TI,饰品,16.0,A,20181030,I
442,884142.TI,文娱用品,20.0,A,20181030,I
443,884143.TI,原料药,43.0,A,20181030,I
444,884144.TI,化学制剂,112.0,A,20181030,I
445,884145.TI,医疗设备,38.0,A,20181030,I
446,884146.TI,火电,27.0,A,20181030,I
447,884147.TI,水电,10.0,A,20181030,I
448,884149.TI,热力,15.0,A,20181030,I
449,884150.TI,新能源发电,27.0,A,20181030,I
450,884152.TI,燃气Ⅲ,,A,20240629,I
451,884153.TI,港口,18.0,A,20181030,I
452,884154.TI,高速公路,19.0,A,20181030,I
453,884155.TI,铁路运输,7.0,A,20181030,I
454,884156.TI,机场,5.0,A,20181030,I
455,884157.TI,航空运输,8.0,A,20181030,I
456,884158.TI,多元金融Ⅲ,32.0,A,20181030,I
457,884159.TI,保险Ⅲ,6.0,A,20181030,I
458,884160.TI,百货零售,43.0,A,20181030,I
459,884161.TI,专业连锁,7.0,A,20181030,I
460,884162.TI,商业物业经营,20.0,A,20181030,I
461,884163.TI,人工景点,5.0,A,20181030,I
462,884164.TI,自然景点,12.0,A,20181030,I
463,884165.TI,旅游综合,4.0,A,20181030,I
464,884167.TI,酒店,6.0,A,20181030,I
465,884168.TI,餐饮,3.0,A,20181030,I
466,884172.TI,电视广播,13.0,A,20181030,I
467,884176.TI,出版,27.0,A,20181030,I
468,884177.TI,影视院线Ⅲ,21.0,A,20181030,I
469,884178.TI,广告营销,31.0,A,20181030,I
470,884180.TI,航天装备,8.0,A,20181030,I
471,884181.TI,航空装备,47.0,A,20181030,I
472,884182.TI,地面兵装,12.0,A,20181030,I
473,884183.TI,航海装备,11.0,A,20181030,I
474,884184.TI,特钢,13.0,A,20181030,I
475,884185.TI,贵金属Ⅲ,,A,20240629,I
476,884186.TI,其他小金属,20.0,A,20181030,I
477,884188.TI,白酒Ⅲ,20.0,A,20181030,I
478,884189.TI,啤酒,7.0,A,20181030,I
479,884191.TI,航运,18.0,A,20181030,I
480,884192.TI,仪器仪表,,A,20240629,I
481,884193.TI,其他电子Ⅲ,,A,20240629,I
482,884195.TI,造纸Ⅲ,,A,20240629,I
483,884197.TI,中药Ⅲ,,A,20240629,I
484,884199.TI,医药流通,,A,20240629,I
485,884200.TI,公交,7.0,A,20181030,I
486,884201.TI,物流Ⅲ,,A,20240629,I
487,884202.TI,住宅开发,82.0,A,20181030,I
488,884203.TI,产业地产,10.0,A,20181030,I
489,884205.TI,证券Ⅲ,,A,20240629,I
490,884206.TI,贸易Ⅲ,,A,20240629,I
491,884207.TI,其他计算机设备,,A,20240629,I
492,884208.TI,综合Ⅲ,,A,20240629,I
493,884209.TI,钛白粉,5.0,A,20210730,I
494,884210.TI,食品及饲料添加剂,21.0,A,20210730,I
495,884211.TI,有机硅,12.0,A,20210730,I
496,884212.TI,合成树脂,11.0,A,20210730,I
497,884213.TI,膜材料,18.0,A,20210730,I
498,884214.TI,冶钢原料,10.0,A,20210730,I
499,884215.TI,稀土,4.0,A,20210730,I
500,884217.TI,工程咨询服务,43.0,A,20210730,I
501,884218.TI,机器人,22.0,A,20210730,I
502,884219.TI,工控设备,29.0,A,20210730,I
503,884220.TI,激光设备,11.0,A,20210730,I
504,884221.TI,其他自动化设备,24.0,A,20210730,I
505,884225.TI,其他电源设备Ⅲ,28.0,A,20210730,I
506,884227.TI,集成电路制造,5.0,A,20210730,I
507,884228.TI,集成电路封测,12.0,A,20210730,I
508,884229.TI,半导体设备,17.0,A,20210730,I
509,884230.TI,品牌消费电子,8.0,A,20210730,I
510,884231.TI,电子化学品Ⅲ,,A,20240629,I
511,884232.TI,厨卫电器Ⅲ,,A,20240629,I
512,884233.TI,休闲食品,21.0,A,20210730,I
513,884234.TI,服装,39.0,A,20210730,I
514,884235.TI,印刷,5.0,A,20210730,I
515,884236.TI,包装,42.0,A,20210730,I
516,884237.TI,瓷砖地板,9.0,A,20210730,I
517,884238.TI,血液制品,6.0,A,20210730,I
518,884239.TI,疫苗,14.0,A,20210730,I
519,884240.TI,其他生物制品,34.0,A,20210730,I
520,884242.TI,医疗耗材,45.0,A,20210730,I
521,884243.TI,体外诊断,40.0,A,20210730,I
522,884244.TI,医疗研发外包,25.0,A,20210730,I
523,884245.TI,其他医疗服务,24.0,A,20210730,I
524,884246.TI,电能综合服务,15.0,A,20210730,I
525,884247.TI,商业地产,9.0,A,20210730,I
526,884248.TI,房地产服务,,A,20240629,I
527,884249.TI,国有大型银行,6.0,A,20210730,I
528,884250.TI,股份制银行,9.0,A,20210730,I
529,884251.TI,城商行,17.0,A,20210730,I
530,884252.TI,农商行,10.0,A,20210730,I
531,884253.TI,其他银行,,A,20240629,I
532,884254.TI,旅游零售,1.0,A,20210730,I
533,884255.TI,互联网电商Ⅲ,,A,20240629,I
534,884256.TI,教育Ⅲ,,A,20240629,I
535,884257.TI,专业服务,29.0,A,20210730,I
536,884258.TI,体育,3.0,A,20210730,I
537,884259.TI,本地生活服务,,A,20240629,I
538,884260.TI,游戏Ⅲ,28.0,A,20210730,I
539,884261.TI,数字媒体,15.0,A,20210730,I
540,884262.TI,通信网络设备及器件,35.0,A,20210730,I
541,884263.TI,通信线缆及配套,12.0,A,20210730,I
542,884264.TI,通信终端及配件,27.0,A,20210730,I
543,884265.TI,其他通信设备,12.0,A,20210730,I
544,884266.TI,军工电子Ⅲ,60.0,A,20210730,I
545,884267.TI,大气治理,7.0,A,20210730,I
546,884268.TI,水务及水治理,44.0,A,20210730,I
547,884269.TI,固废治理,34.0,A,20210730,I
548,884270.TI,综合环境治理,29.0,A,20210730,I
549,884271.TI,个护用品,14.0,A,20210730,I
550,884272.TI,化妆品,13.0,A,20210730,I
551,884273.TI,医疗美容,3.0,A,20210730,I
552,884274.TI,IT服务Ⅲ,130.0,A,20210730,I
553,884275.TI,生猪养殖,,A,20240629,I
554,884276.TI,肉鸡养殖,,A,20240629,I
555,884277.TI,其他养殖,,A,20240629,I
556,884278.TI,畜禽饲料,,A,20240629,I
557,884279.TI,水产饲料,,A,20240629,I
558,884280.TI,宠物食品,,A,20240629,I
559,884281.TI,煤化工,,A,20240629,I
560,884282.TI,钨,,A,20240629,I
561,884283.TI,钼,,A,20240629,I
562,884284.TI,钴,,A,20240629,I
563,884285.TI,镍,,A,20240629,I
564,884286.TI,锂,,A,20240629,I
565,884287.TI,数字芯片设计,,A,20240629,I
566,884288.TI,模拟芯片设计,,A,20240629,I
567,884289.TI,车身附件及饰件,,A,20240629,I
568,884290.TI,底盘与发动机系统,,A,20240629,I
569,884291.TI,轮胎轮毂,,A,20240629,I
570,884292.TI,其他汽车零部件,,A,20240629,I
571,884293.TI,汽车电子电气系统,,A,20240629,I
572,884294.TI,安防设备,,A,20240629,I
573,884295.TI,垂直应用软件,,A,20240629,I
574,884296.TI,横向通用软件,,A,20240629,I
575,884297.TI,预加工食品,,A,20240629,I
576,884298.TI,成品家居,,A,20240629,I
577,884299.TI,定制家居,,A,20240629,I
578,884300.TI,药店,,A,20240629,I
579,884301.TI,医院,,A,20240629,I
580,884302.TI,硅料硅片,,A,20240629,I
581,884303.TI,光伏电池组件,,A,20240629,I
582,884304.TI,逆变器,,A,20240629,I
583,884305.TI,光伏辅材,,A,20240629,I
584,884306.TI,光伏加工设备,,A,20240629,I
585,884307.TI,风电整机,,A,20240629,I
586,884308.TI,风电零部件,,A,20240629,I
587,884309.TI,锂电池,,A,20240629,I
588,884310.TI,电池化学品,,A,20240629,I
589,884311.TI,锂电专用设备,,A,20240629,I
590,884312.TI,其他电池,,A,20240629,I
591,884313.TI,电信运营商,,A,20240629,I
592,884314.TI,通信工程及服务,,A,20240629,I
593,884315.TI,通信应用增值服务,,A,20240629,I
